timestamp,tollID,tagRef,tagHomeID,charge
2022-04-24 17:16,NO02,NO7PTX63C,NO,3.85
2022-04-24 18:08,NO07,NOE1V2ISQ,NO,3.55
2022-04-24 18:26,NAO18,KONCXLL4Z,KO,2.5
2022-04-24 18:41,MO11,EGC11ERTJ,EG,2.05
2022-04-24 18:42,NAO04,KOIXA11DP,KO,2.5
2022-04-24 18:46,KO03,KOWKTAKPU,KO,2.95
2022-04-24 18:54,MO08,KONCXLL4Z,KO,3.15
2022-04-24 19:07,OO06,OOQ0OXFQ8,OO,3.5
2022-04-24 19:43,NAO38,NAO09SKDGI,NAO,2.5
2022-04-24 20:30,OO02,NAO09SKDGI,NAO,2.3
2022-04-24 20:48,NAO35,NAOBMYOFQE,NAO,2.5
2022-04-24 20:53,NAO32,NAOHL1N13J,NAO,2.5
2022-04-24 21:21,AM07,OO1B0Z3NX,OO,2.8
2022-04-24 21:38,KO09,KOWM31YIH,KO,2.05
2022-04-24 21:51,NO04,MOV86WZS3,MO,3.25
2022-04-24 21:52,NAO25,NAOHL1N13J,NAO,2.5
2022-04-24 22:05,KO04,NAOURTP0LZ,NAO,2.95
2022-04-24 22:52,OO04,OO7PZE9VI,OO,2.4
2022-04-24 23:28,AM02,AMH9SDBDW,AM,2.0
2022-04-25 00:58,NAO15,NAOLY8OZCY,NAO,2.5
2022-04-25 01:02,EG23,NAOURTP0LZ,NAO,1.4
2022-04-25 01:15,NAO21,NAOP0J43D5,NAO,2.5
2022-04-25 01:17,NO03,NOXFGCAQV,NO,3.25
2022-04-25 01:23,EG14,OO3KKV9RF,OO,1.2
2022-04-25 01:24,KO09,KOJDP0LVS,KO,2.05
2022-04-25 01:51,NAO39,NAOURTP0LZ,NAO,2.5
2022-04-25 02:21,NAO26,OO3KKV9RF,OO,2.5
2022-04-25 02:35,MO01,NO7PTX63C,NO,1.35
2022-04-25 02:40,NAO16,NAOHL1N13J,NAO,2.5
2022-04-25 03:54,EG11,EG9CHJ755,EG,0.5
2022-04-25 03:59,EG03,EGUT0CVS4,EG,1.2
2022-04-25 04:28,EG13,KONCXLL4Z,KO,1.2
2022-04-25 04:38,EG06,OOQ0OXFQ8,OO,1.7
2022-04-25 04:46,OO07,EGF1T2TAL,EG,1.9
2022-04-25 05:09,EG24,EGYTJXEPQ,EG,1.4
2022-04-25 05:17,EG22,EGVWPVS7H,EG,1.6
2022-04-25 05:30,NO02,NO7PTX63C,NO,3.85
2022-04-25 06:05,OO01,OOZSJ49IT,OO,2.3
2022-04-25 06:14,EG28,EGF1T2TAL,EG,1.4
2022-04-25 06:23,KO03,KOJDP0LVS,KO,2.95
2022-04-25 06:26,AM09,AMNT3W5UZ,AM,3.1
2022-04-25 07:29,NAO29,NO7PTX63C,NO,2.5
2022-04-25 07:42,EG33,EGF1T2TAL,EG,2.0
2022-04-25 08:25,NO03,NOXFGCAQV,NO,3.25
2022-04-25 08:29,NAO12,AMXAJI0Y6,AM,2.5
2022-04-25 08:44,EG27,EGYTJXEPQ,EG,1.4
2022-04-25 08:53,EG02,EGUT0CVS4,EG,3.0
2022-04-25 09:17,EG11,EGC11ERTJ,EG,0.5
2022-04-25 09:28,KO05,KOWM31YIH,KO,1.9
2022-04-25 09:44,EG02,NAONSM43D8,NAO,3.0
2022-04-25 10:24,NO04,KOIXA11DP,KO,3.25
2022-04-25 10:39,EG22,EG7UR23GD,EG,1.6
2022-04-25 10:39,AM06,AMLJH75LX,AM,3.6
2022-04-25 10:59,NAO15,NOE1V2ISQ,NO,2.5
2022-04-25 11:05,EG17,EGYTJXEPQ,EG,2.1
2022-04-25 11:39,AM06,AMH9SDBDW,AM,3.6
2022-04-25 12:08,AM08,OOZSJ49IT,OO,2.8
2022-04-25 12:19,OO04,OOZSJ49IT,OO,2.4
2022-04-25 12:30,AM10,GEX7EEDTJ,GE,3.1
2022-04-25 12:43,NAO08,NAO5ZJA8DZ,NAO,2.5
2022-04-25 12:57,NAO25,NAO09SKDGI,NAO,2.5
2022-04-25 13:43,NAO27,EG9CHJ755,EG,2.5
2022-04-25 13:58,KO06,KONCXLL4Z,KO,1.9
2022-04-25 14:36,OO02,NAOURTP0LZ,NAO,2.3
2022-04-25 14:58,EG16,EGIGQPKI7,EG,1.2
2022-04-25 15:03,NAO40,NAOP0J43D5,NAO,2.5
2022-04-25 15:37,AM05,AMHJ7XVG0,AM,3.6
2022-04-25 15:38,EG08,EGVWPVS7H,EG,1.8
2022-04-25 17:24,OO08,NAOHL1N13J,NAO,1.9
2022-04-25 17:31,AM05,NAOHAFEYUH,NAO,3.6
2022-04-25 17:50,EG04,OOZSJ49IT,OO,1.2
2022-04-25 18:26,EG01,NORCBPLJD,NO,3.0
2022-04-25 18:37,EG06,EGIGQPKI7,EG,1.7
2022-04-25 18:58,NAO25,NAOHL1N13J,NAO,2.5
2022-04-25 19:08,EG10,EGSEIMVIH,EG,0.9
2022-04-25 19:11,KO10,OO1B0Z3NX,OO,2.05
2022-04-25 19:19,KO03,KOJDP0LVS,KO,2.95
2022-04-25 19:40,NAO29,NO7PTX63C,NO,2.5
2022-04-25 19:42,NAO26,EGF1T2TAL,EG,2.5
2022-04-25 20:22,NAO26,KOJDP0LVS,KO,2.5
2022-04-25 20:52,MO03,MOJCKJLTE,MO,2.1
2022-04-25 21:00,NAO28,AMNT3W5UZ,AM,2.5
2022-04-25 21:20,EG10,EGVWPVS7H,EG,0.9
2022-04-25 21:42,AM09,AMXAJI0Y6,AM,3.1
2022-04-25 21:45,NAO18,NAOBMYOFQE,NAO,2.5
2022-04-25 21:58,AM05,AMH9SDBDW,AM,3.6
2022-04-25 22:25,AM04,EGVWPVS7H,EG,2.2
2022-04-25 22:44,EG05,EGYTJXEPQ,EG,1.7
2022-04-25 22:51,NO07,NO7PTX63C,NO,3.55
2022-04-26 00:34,EG11,OO1B0Z3NX,OO,0.5
2022-04-26 00:59,OO05,OOZSJ49IT,OO,3.5
2022-04-26 01:06,EG22,OO7PZE9VI,OO,1.6
2022-04-26 01:57,EG34,EGUT0CVS4,EG,2.0
2022-04-26 03:36,EG37,EGF1T2TAL,EG,1.4
2022-04-26 03:38,NAO35,KONCXLL4Z,KO,2.5
2022-04-26 04:11,NO02,NAOLY8OZCY,NAO,3.85
2022-04-26 04:44,NO12,NOXFGCAQV,NO,3.35
2022-04-26 04:48,AM01,AMH9SDBDW,AM,2.0
2022-04-26 04:54,EG08,EGSEIMVIH,EG,1.8
2022-04-26 05:07,EG10,EGF1T2TAL,EG,0.9
2022-04-26 05:15,AM06,KOIXA11DP,KO,3.6
2022-04-26 05:18,NAO12,NAO09SKDGI,NAO,2.5
2022-04-26 05:24,MO10,EG9CHJ755,EG,2.7
2022-04-26 05:40,EG37,KOJDP0LVS,KO,1.4
2022-04-26 05:57,AM08,OOZSJ49IT,OO,2.8
2022-04-26 06:54,OO06,NO7PTX63C,NO,3.5
2022-04-26 06:55,NO11,NOQLL8OS9,NO,3.35
2022-04-26 06:58,AM10,GEX7EEDTJ,GE,3.1
2022-04-26 07:07,EG29,EGUT0CVS4,EG,1.5
2022-04-26 07:17,EG24,EGSEIMVIH,EG,1.4
2022-04-26 07:27,EG18,NAO5ZJA8DZ,NAO,2.1
2022-04-26 07:53,KO09,KOJDP0LVS,KO,2.05
2022-04-26 07:58,EG10,NORCBPLJD,NO,0.9
2022-04-26 08:02,NAO05,KONCXLL4Z,KO,2.5
2022-04-26 08:12,GE02,GE2IAGL58,GE,14.7
2022-04-26 08:16,NAO06,NAOP0J43D5,NAO,2.5
2022-04-26 08:26,EG20,EGIGQPKI7,EG,1.4
2022-04-26 09:13,NAO06,NAO5UQPGB7,NAO,2.5
2022-04-26 09:15,NO02,EGC11ERTJ,EG,3.85
2022-04-26 09:35,NO03,NOE1V2ISQ,NO,3.25
2022-04-26 10:09,EG21,EGYTJXEPQ,EG,1.6
2022-04-26 10:31,NAO03,NAOLY8OZCY,NAO,2.5
2022-04-26 10:32,NAO32,NAO09SKDGI,NAO,2.5
2022-04-26 10:42,AM08,EG9CHJ755,EG,2.8
2022-04-26 11:31,NAO28,AMNT3W5UZ,AM,2.5
2022-04-26 11:36,NO06,NOX6GVWRD,NO,3.25
2022-04-26 11:58,NAO32,EG7UR23GD,EG,2.5
2022-04-26 13:49,AM01,NAOP0J43D5,NAO,2.0
2022-04-26 14:14,MO04,MOV86WZS3,MO,2.1
2022-04-26 14:26,NO04,EGVWPVS7H,EG,3.25
2022-04-26 15:16,NAO24,NAOHL1N13J,NAO,2.5
2022-04-26 15:36,EG37,KOJDP0LVS,KO,1.4
2022-04-26 15:56,OO04,OOZSJ49IT,OO,2.4
2022-04-26 16:01,NAO37,NAOURTP0LZ,NAO,2.5
2022-04-26 16:12,NAO31,NAO09SKDGI,NAO,2.5
2022-04-26 16:45,EG10,EGF1T2TAL,EG,0.9
2022-04-26 16:56,AM02,AMH9SDBDW,AM,2.0
2022-04-26 17:10,NO06,NOE1V2ISQ,NO,3.25
2022-04-26 17:14,EG36,EGF1T2TAL,EG,1.0
2022-04-26 17:46,NAO39,NAOLY8OZCY,NAO,2.5
2022-04-26 17:53,EG32,NAOBMYOFQE,NAO,1.4
2022-04-26 17:57,KO03,KONCXLL4Z,KO,2.95
2022-04-26 19:40,AM06,AMHJ7XVG0,AM,3.6
2022-04-26 19:46,NAO05,NAO5ZJA8DZ,NAO,2.5
2022-04-26 19:49,EG33,EGIGQPKI7,EG,2.0
2022-04-26 19:56,EG18,EGIGQPKI7,EG,2.1
2022-04-26 20:00,OO04,OOQ0OXFQ8,OO,2.4
2022-04-26 20:11,KO10,KOIXA11DP,KO,2.05
2022-04-26 20:30,AM05,AMLJH75LX,AM,3.6
2022-04-26 21:01,NO02,NOXFGCAQV,NO,3.85
2022-04-26 21:04,NAO06,NAO5UQPGB7,NAO,2.5
2022-04-26 22:39,AM05,AMV3A3ZMF,AM,3.6
2022-04-26 23:13,NO02,NOE1V2ISQ,NO,3.85
2022-04-26 23:38,NAO26,NAO09SKDGI,NAO,2.5
2022-04-26 23:51,NAO22,NAO5ZJA8DZ,NAO,2.5
2022-04-26 23:53,NAO35,NAONSM43D8,NAO,2.5
2022-04-27 01:02,KO05,KOWM31YIH,KO,1.9
2022-04-27 01:18,OO08,OOZSJ49IT,OO,1.9
2022-04-27 01:33,NAO41,NAOP0J43D5,NAO,2.5
2022-04-27 01:42,NAO23,EG9CHJ755,EG,2.5
2022-04-27 02:12,NO14,EG9CHJ755,EG,4.15
2022-04-27 03:03,NO06,NO7PTX63C,NO,3.25
2022-04-27 03:08,NO01,EGRHOCN9J,EG,3.85
2022-04-27 03:24,NAO37,NAOURTP0LZ,NAO,2.5
2022-04-27 03:43,NAO01,NAOP0J43D5,NAO,2.5
2022-04-27 04:12,AM08,AMXAJI0Y6,AM,2.8
2022-04-27 04:28,NO06,AMHJ7XVG0,AM,3.25
2022-04-27 04:33,NAO06,NAOP0J43D5,NAO,2.5
2022-04-27 04:33,EG30,EGUT0CVS4,EG,1.5
2022-04-27 04:39,NAO05,NAOP0J43D5,NAO,2.5
2022-04-27 04:46,GE02,EGVWPVS7H,EG,14.7
2022-04-27 04:50,NAO26,OO3KKV9RF,OO,2.5
2022-04-27 05:14,NO07,NO7PTX63C,NO,3.55
2022-04-27 05:20,OO06,EG9CHJ755,EG,3.5
2022-04-27 05:38,AM01,AMHJ7XVG0,AM,2.0
2022-04-27 05:58,EG24,EGIGQPKI7,EG,1.4
2022-04-27 06:01,NO04,NO7PTX63C,NO,3.25
2022-04-27 06:05,NAO21,NAO5UQPGB7,NAO,2.5
2022-04-27 06:26,KO04,KOIXA11DP,KO,2.95
2022-04-27 07:32,EG08,EGVWPVS7H,EG,1.8
2022-04-27 07:33,NAO13,NAOP0J43D5,NAO,2.5
2022-04-27 08:15,NAO27,NAO5UQPGB7,NAO,2.5
2022-04-27 08:23,NAO09,EGRHOCN9J,EG,2.5
2022-04-27 08:34,EG38,EGUT0CVS4,EG,1.4
2022-04-27 08:45,NO09,NOE1V2ISQ,NO,4.2
2022-04-27 08:58,OO08,MOJCKJLTE,MO,1.9
2022-04-27 09:25,NAO37,NAO09SKDGI,NAO,2.5
2022-04-27 09:33,OO07,OO3KKV9RF,OO,1.9
2022-04-27 09:57,AM02,AMXAJI0Y6,AM,2.0
2022-04-27 09:57,EG20,EGSEIMVIH,EG,1.4
2022-04-27 10:11,NAO21,NAOP0J43D5,NAO,2.5
2022-04-27 11:22,AM02,AMXAJI0Y6,AM,2.0
2022-04-27 11:52,EG16,NAO09SKDGI,NAO,1.2
2022-04-27 12:15,NAO38,NAO5ZJA8DZ,NAO,2.5
2022-04-27 13:03,EG09,EG9CHJ755,EG,0.9
2022-04-27 13:36,EG28,EG9CHJ755,EG,1.4
2022-04-27 13:42,NO14,EG9CHJ755,EG,4.15
2022-04-27 14:33,EG10,EGIGQPKI7,EG,0.9
2022-04-27 14:36,OO07,OO1B0Z3NX,OO,1.9
2022-04-27 14:37,AM09,AMXAJI0Y6,AM,3.1
2022-04-27 14:54,MO12,AMH9SDBDW,AM,2.05
2022-04-27 15:12,EG23,NAOURTP0LZ,NAO,1.4
2022-04-27 15:52,EG22,OO7PZE9VI,OO,1.6
2022-04-27 16:08,NAO38,NAO09SKDGI,NAO,2.5
2022-04-27 16:14,AM07,NAOP0J43D5,NAO,2.8
2022-04-27 17:56,OO01,NORCBPLJD,NO,2.3
2022-04-27 18:22,NAO28,AMNT3W5UZ,AM,2.5
2022-04-27 18:56,NO02,NOXFGCAQV,NO,3.85
2022-04-27 19:26,NO12,NOQLL8OS9,NO,3.35
2022-04-27 20:14,KO03,NAOURTP0LZ,NAO,2.95
2022-04-27 20:23,NAO30,NAONSM43D8,NAO,2.5
2022-04-27 20:58,EG33,EG9CHJ755,EG,2.0
2022-04-27 21:04,KO02,KOWM31YIH,KO,3.4
2022-04-27 21:15,NAO38,NAOHAFEYUH,NAO,2.5
2022-04-27 21:33,OO01,EGYTJXEPQ,EG,2.3
2022-04-27 21:44,EG30,EG9CHJ755,EG,1.5
2022-04-27 22:12,KO04,KONCXLL4Z,KO,2.95
2022-04-27 22:13,EG19,EGIGQPKI7,EG,1.4
2022-04-27 22:27,EG01,NAO5UQPGB7,NAO,3.0
2022-04-27 22:49,EG19,OO7PZE9VI,OO,1.4
2022-04-27 23:01,NAO29,OO3KKV9RF,OO,2.5
2022-04-27 23:15,OO07,OO7PZE9VI,OO,1.9
2022-04-27 23:33,KO08,KOJDP0LVS,KO,1.85
2022-04-27 23:38,KO08,KOIXA11DP,KO,1.85
2022-04-28 00:20,NAO39,AMNT3W5UZ,AM,2.5
2022-04-28 00:25,OO03,EGUT0CVS4,EG,2.4
2022-04-28 00:38,AM09,NORCBPLJD,NO,3.1
2022-04-28 00:48,EG23,NAOURTP0LZ,NAO,1.4
2022-04-28 00:57,EG29,EGC11ERTJ,EG,1.5
2022-04-28 01:40,KO01,NAOP0J43D5,NAO,3.4
2022-04-28 03:01,AM05,NAOHAFEYUH,NAO,3.6
2022-04-28 03:33,NAO32,NAOHAFEYUH,NAO,2.5
2022-04-28 04:14,AM06,AMHJ7XVG0,AM,3.6
2022-04-28 04:56,NO01,NOE1V2ISQ,NO,3.85
2022-04-28 05:02,KO08,KOWM31YIH,KO,1.85
2022-04-28 05:04,EG12,EGSEIMVIH,EG,0.5
2022-04-28 05:24,NAO15,KOWKTAKPU,KO,2.5
2022-04-28 05:37,NAO40,NAO5ZJA8DZ,NAO,2.5
2022-04-28 05:43,NO08,NOQLL8OS9,NO,3.55
2022-04-28 05:47,NAO28,NOE1V2ISQ,NO,2.5
2022-04-28 06:38,NAO12,NAO09SKDGI,NAO,2.5
2022-04-28 06:41,NAO15,NAOBMYOFQE,NAO,2.5
2022-04-28 07:23,EG21,NOXFGCAQV,NO,1.6
2022-04-28 07:28,AM06,AMH9SDBDW,AM,3.6
2022-04-28 07:42,NAO22,NAOVZ41NAM,NAO,2.5
2022-04-28 08:27,MO10,MOV86WZS3,MO,2.7
2022-04-28 08:47,KO05,KOWKTAKPU,KO,1.9
2022-04-28 08:49,EG11,EG9CHJ755,EG,0.5
2022-04-28 08:50,NAO09,NAO5UQPGB7,NAO,2.5
2022-04-28 08:55,NAO21,NAOHL1N13J,NAO,2.5
2022-04-28 09:01,AM02,NAOBMYOFQE,NAO,2.0
2022-04-28 09:16,EG02,EGIGQPKI7,EG,3.0
2022-04-28 09:41,KO09,KOIXA11DP,KO,2.05
2022-04-28 10:42,AM03,AMXAJI0Y6,AM,2.2
2022-04-28 11:19,OO08,EGIGQPKI7,EG,1.9
2022-04-28 11:28,AM06,AMNT3W5UZ,AM,3.6
2022-04-28 11:29,NAO07,NAO5ZJA8DZ,NAO,2.5
2022-04-28 11:47,AM09,NOQLL8OS9,NO,3.1
2022-04-28 11:58,OO05,OOZSJ49IT,OO,3.5
2022-04-28 12:34,OO01,EGYTJXEPQ,EG,2.3
2022-04-28 12:34,AM02,EGRHOCN9J,EG,2.0
2022-04-28 12:42,NAO15,NOE1V2ISQ,NO,2.5
2022-04-28 13:02,EG14,AMH9SDBDW,AM,1.2
2022-04-28 13:04,OO01,OO7PZE9VI,OO,2.3
2022-04-28 13:53,AM06,AMLJH75LX,AM,3.6
2022-04-28 13:53,NAO02,KOIXA11DP,KO,2.5
2022-04-28 14:48,EG18,NAOBMYOFQE,NAO,2.1
2022-04-28 15:00,NO04,NOXFGCAQV,NO,3.25
2022-04-28 15:09,EG31,OOQ0OXFQ8,OO,1.4
2022-04-28 15:10,NO10,NOQLL8OS9,NO,4.2
2022-04-28 15:35,EG03,EGUT0CVS4,EG,1.2
2022-04-28 15:53,MO01,MOV86WZS3,MO,1.35
2022-04-28 16:54,MO05,NAOLY8OZCY,NAO,2.6
2022-04-28 17:18,AM02,AMHJ7XVG0,AM,2.0
2022-04-28 17:20,KO08,KOIXA11DP,KO,1.85
2022-04-28 17:30,NAO38,NAONSM43D8,NAO,2.5
2022-04-28 17:34,KO10,KONCXLL4Z,KO,2.05
2022-04-28 17:55,EG15,AMHJ7XVG0,AM,1.2
2022-04-28 18:02,EG03,EGUT0CVS4,EG,1.2
2022-04-28 18:13,EG26,KOWM31YIH,KO,1.8
2022-04-28 18:32,EG29,EGSEIMVIH,EG,1.5
2022-04-28 18:39,OO06,OO1B0Z3NX,OO,3.5
2022-04-28 18:48,MO08,MOJCKJLTE,MO,3.15
2022-04-28 19:08,AM06,KOIXA11DP,KO,3.6
2022-04-28 19:17,NO04,KOIXA11DP,KO,3.25
2022-04-28 19:19,OO02,NAOURTP0LZ,NAO,2.3
2022-04-28 20:15,KO05,OO7PZE9VI,OO,1.9
2022-04-28 21:04,EG24,EGIGQPKI7,EG,1.4
2022-04-28 21:09,EG11,EGIGQPKI7,EG,0.5
2022-04-28 21:18,AM03,AMH9SDBDW,AM,2.2
2022-04-28 21:21,KO09,KOJDP0LVS,KO,2.05
2022-04-28 21:46,AM05,AMHJ7XVG0,AM,3.6
2022-04-28 21:49,EG36,NOE1V2ISQ,NO,1.0
2022-04-28 22:02,KO04,KOWKTAKPU,KO,2.95
2022-04-28 22:22,NAO30,NAOP0J43D5,NAO,2.5
2022-04-28 22:33,NAO11,NAO5UQPGB7,NAO,2.5
2022-04-28 22:37,EG04,OOZSJ49IT,OO,1.2
2022-04-28 22:55,AM02,AMNT3W5UZ,AM,2.0
2022-04-28 23:11,EG14,KOWKTAKPU,KO,1.2
2022-04-28 23:19,EG33,EGYTJXEPQ,EG,2.0
2022-04-28 23:35,NAO35,KONCXLL4Z,KO,2.5
2022-04-28 23:36,NAO37,NAOLY8OZCY,NAO,2.5
2022-04-29 00:07,EG13,KONCXLL4Z,KO,1.2
2022-04-29 00:09,NAO06,NAOLY8OZCY,NAO,2.5
2022-04-29 00:25,EG29,EGF1T2TAL,EG,1.5
2022-04-29 00:35,NO01,EGRHOCN9J,EG,3.85
2022-04-29 00:36,NAO26,NAOHAFEYUH,NAO,2.5
2022-04-29 00:42,NAO10,EGSEIMVIH,EG,2.5
2022-04-29 00:45,AM01,AMH9SDBDW,AM,2.0
2022-04-29 01:18,NAO39,NAOP0J43D5,NAO,2.5
2022-04-29 01:35,NAO26,NO7PTX63C,NO,2.5
2022-04-29 02:09,OO04,OOZSJ49IT,OO,2.4
2022-04-29 02:46,KO03,AMNT3W5UZ,AM,2.95
2022-04-29 03:07,KO02,KOIXA11DP,KO,3.4
2022-04-29 04:26,AM02,NO7PTX63C,NO,2.0
2022-04-29 04:46,EG12,EGRHOCN9J,EG,0.5
2022-04-29 05:13,AM09,AMNT3W5UZ,AM,3.1
2022-04-29 06:08,AM08,OO1B0Z3NX,OO,2.8
2022-04-29 06:42,AM06,AMNT3W5UZ,AM,3.6
2022-04-29 06:44,OO10,OOQ0OXFQ8,OO,2.5
2022-04-29 07:00,AM04,EGVWPVS7H,EG,2.2
2022-04-29 07:50,EG10,EGVWPVS7H,EG,0.9
2022-04-29 07:55,NO12,NOX6GVWRD,NO,3.35
2022-04-29 08:10,OO06,OO3KKV9RF,OO,3.5
2022-04-29 08:26,MO08,MOJCKJLTE,MO,3.15
2022-04-29 09:03,OO04,OO3KKV9RF,OO,2.4
2022-04-29 09:57,EG36,MOV86WZS3,MO,1.0
2022-04-29 10:23,NO12,NOXFGCAQV,NO,3.35
2022-04-29 11:19,NAO32,NAOLY8OZCY,NAO,2.5
2022-04-29 11:20,NAO03,NAOLY8OZCY,NAO,2.5
2022-04-29 11:50,NAO32,EG7UR23GD,EG,2.5
2022-04-29 11:54,NO04,KOIXA11DP,KO,3.25
2022-04-29 12:00,NAO32,NAOP0J43D5,NAO,2.5
2022-04-29 12:33,NAO36,AMHJ7XVG0,AM,2.5
2022-04-29 12:35,NAO09,NAOP0J43D5,NAO,2.5
2022-04-29 12:43,MO04,MOJCKJLTE,MO,2.1
2022-04-29 12:59,NAO32,NAO5UQPGB7,NAO,2.5
2022-04-29 13:40,NAO30,EGVWPVS7H,EG,2.5
2022-04-29 14:05,OO08,OOQ0OXFQ8,OO,1.9
2022-04-29 14:26,NAO36,AMLJH75LX,AM,2.5
2022-04-29 14:29,EG15,EGVWPVS7H,EG,1.2
2022-04-29 15:11,NAO07,AMNT3W5UZ,AM,2.5
2022-04-29 15:17,NO02,NOX6GVWRD,NO,3.85
2022-04-29 15:49,EG32,NAO5ZJA8DZ,NAO,1.4
2022-04-29 16:04,NO04,NOE1V2ISQ,NO,3.25
2022-04-29 16:20,EG06,EGC11ERTJ,EG,1.7
2022-04-29 16:21,OO09,EGVWPVS7H,EG,2.5
2022-04-29 16:49,OO03,OOZSJ49IT,OO,2.4
2022-04-29 16:57,EG01,EG9CHJ755,EG,3.0
2022-04-29 17:25,NAO15,NAO09SKDGI,NAO,2.5
2022-04-29 17:42,AM01,AMHJ7XVG0,AM,2.0
2022-04-29 18:07,OO05,OO3KKV9RF,OO,3.5
2022-04-29 19:01,KO03,NAOURTP0LZ,NAO,2.95
2022-04-29 19:04,AM07,AMXAJI0Y6,AM,2.8
2022-04-29 20:07,NAO40,NAOHL1N13J,NAO,2.5
2022-04-29 20:49,NAO21,EGIGQPKI7,EG,2.5
2022-04-29 20:53,MO12,AMH9SDBDW,AM,2.05
2022-04-29 21:37,AM03,AMH9SDBDW,AM,2.2
2022-04-29 21:52,OO10,OOZSJ49IT,OO,2.5
2022-04-29 22:07,EG16,NAO09SKDGI,NAO,1.2
2022-04-29 22:08,EG30,EG9CHJ755,EG,1.5
2022-04-29 22:49,KO10,KOWM31YIH,KO,2.05
2022-04-29 23:40,NAO32,NAOHL1N13J,NAO,2.5
2022-04-29 23:43,NO02,NOX6GVWRD,NO,3.85
2022-04-30 00:16,KO03,KOWM31YIH,KO,2.95
2022-04-30 00:41,EG03,EG7UR23GD,EG,1.2
2022-04-30 01:46,NAO10,EGSEIMVIH,EG,2.5
2022-04-30 01:48,EG18,EGC11ERTJ,EG,2.1
2022-04-30 01:54,KO01,KOWKTAKPU,KO,3.4
2022-04-30 02:03,EG21,EGYTJXEPQ,EG,1.6
2022-04-30 02:35,OO03,OO1B0Z3NX,OO,2.4
2022-04-30 03:32,EG19,EG9CHJ755,EG,1.4
2022-04-30 03:49,MO05,MOV86WZS3,MO,2.6
2022-04-30 03:53,EG06,NO7PTX63C,NO,1.7
2022-04-30 03:57,AM03,AMHJ7XVG0,AM,2.2
2022-04-30 04:05,NO13,NOE1V2ISQ,NO,4.15
2022-04-30 04:14,NO10,NAOURTP0LZ,NAO,4.2
2022-04-30 04:19,EG06,EG9CHJ755,EG,1.7
2022-04-30 05:14,AM03,AMH9SDBDW,AM,2.2
2022-04-30 05:15,AM02,AMXAJI0Y6,AM,2.0
2022-04-30 05:19,NAO07,AMNT3W5UZ,AM,2.5
2022-04-30 05:30,NAO14,NAOHAFEYUH,NAO,2.5
2022-04-30 05:45,NO09,EG7UR23GD,EG,4.2
2022-04-30 05:49,KO05,KOJDP0LVS,KO,1.9
2022-04-30 06:09,NO01,EGRHOCN9J,EG,3.85
2022-04-30 06:24,EG26,EG7UR23GD,EG,1.8
2022-04-30 06:27,NO02,NAOLY8OZCY,NAO,3.85
2022-04-30 06:38,MO05,MOJCKJLTE,MO,2.6
2022-04-30 06:45,NAO26,EGF1T2TAL,EG,2.5
2022-04-30 06:56,NAO37,NAOBMYOFQE,NAO,2.5
2022-04-30 07:34,AM09,NAO09SKDGI,NAO,3.1
2022-04-30 07:35,EG16,EGYTJXEPQ,EG,1.2
2022-04-30 08:03,AM02,AMHJ7XVG0,AM,2.0
2022-04-30 08:25,NO01,OOQ0OXFQ8,OO,3.85
2022-04-30 09:10,NAO27,OOQ0OXFQ8,OO,2.5
2022-04-30 09:46,AM05,AMH9SDBDW,AM,3.6
2022-04-30 10:01,EG08,EGSEIMVIH,EG,1.8
2022-04-30 10:03,AM06,AMH9SDBDW,AM,3.6
2022-04-30 11:24,AM04,MOJCKJLTE,MO,2.2
2022-04-30 11:55,NO05,AMNT3W5UZ,AM,3.25
2022-04-30 11:57,AM03,EGC11ERTJ,EG,2.2
2022-04-30 12:25,OO03,OO7PZE9VI,OO,2.4
2022-04-30 12:26,NAO14,EG7UR23GD,EG,2.5
2022-04-30 13:05,AM02,AMXAJI0Y6,AM,2.0
2022-04-30 13:09,KO09,EGUT0CVS4,EG,2.05
2022-04-30 13:15,KO04,KOWKTAKPU,KO,2.95
2022-04-30 13:16,AM05,AMXAJI0Y6,AM,3.6
2022-04-30 13:46,KO07,NAOURTP0LZ,NAO,1.85
2022-04-30 14:03,MO03,MOJCKJLTE,MO,2.1
2022-04-30 14:08,EG33,EGRHOCN9J,EG,2.0
2022-04-30 14:09,NAO29,NO7PTX63C,NO,2.5
2022-04-30 14:26,MO09,EGF1T2TAL,EG,2.7
2022-04-30 15:03,AM08,AMXAJI0Y6,AM,2.8
2022-04-30 15:18,NO09,NOE1V2ISQ,NO,4.2
2022-04-30 15:21,AM03,AMH9SDBDW,AM,2.2
2022-04-30 16:16,AM10,NAO5ZJA8DZ,NAO,3.1
2022-04-30 16:54,AM02,NAOBMYOFQE,NAO,2.0
2022-04-30 17:25,NAO34,NAOURTP0LZ,NAO,2.5
2022-04-30 17:41,MO02,MOV86WZS3,MO,1.35
2022-04-30 17:42,EG25,EGVWPVS7H,EG,1.8
2022-04-30 18:04,EG33,EGIGQPKI7,EG,2.0
2022-04-30 18:19,NO03,NORCBPLJD,NO,3.25
2022-04-30 18:44,EG15,EGUT0CVS4,EG,1.2
2022-04-30 19:08,AM08,OO1B0Z3NX,OO,2.8
2022-04-30 19:35,MO06,MOJCKJLTE,MO,2.6
2022-04-30 20:06,NO14,NOE1V2ISQ,NO,4.15
2022-04-30 20:56,MO09,MOJCKJLTE,MO,2.7
2022-04-30 21:06,OO01,AMLJH75LX,AM,2.3
2022-04-30 21:50,NO11,NOQLL8OS9,NO,3.35
2022-04-30 22:13,NAO29,NAONSM43D8,NAO,2.5
2022-04-30 22:19,KO09,KOIXA11DP,KO,2.05
2022-04-30 22:55,NO04,NOXFGCAQV,NO,3.25
2022-04-30 23:05,OO03,AMXAJI0Y6,AM,2.4
2022-04-30 23:05,EG02,NAONSM43D8,NAO,3.0
2022-04-30 23:18,AM10,AMXAJI0Y6,AM,3.1
2022-04-30 23:54,EG17,EGIGQPKI7,EG,2.1
2022-05-01 00:08,OO06,OO3KKV9RF,OO,3.5
2022-05-01 00:27,NAO13,NAOHL1N13J,NAO,2.5
2022-05-01 00:30,EG26,NOE1V2ISQ,NO,1.8
2022-05-01 00:55,AM04,NAOHL1N13J,NAO,2.2
2022-05-01 01:02,NAO20,NAOVZ41NAM,NAO,2.5
2022-05-01 01:03,OO07,OOQ0OXFQ8,OO,1.9
2022-05-01 01:13,NO05,NOX6GVWRD,NO,3.25
2022-05-01 01:13,AM05,AMLJH75LX,AM,3.6
2022-05-01 01:18,EG05,EGIGQPKI7,EG,1.7
2022-05-01 01:37,OO03,KOWM31YIH,KO,2.4
2022-05-01 02:59,EG24,EGYTJXEPQ,EG,1.4
2022-05-01 03:29,NAO40,NAOHL1N13J,NAO,2.5
2022-05-01 03:38,GE02,NOXFGCAQV,NO,14.7
2022-05-01 04:12,MO01,NO7PTX63C,NO,1.35
2022-05-01 04:37,OO09,NAOURTP0LZ,NAO,2.5
2022-05-01 04:39,OO07,OO3KKV9RF,OO,1.9
2022-05-01 04:50,NAO11,NAO5UQPGB7,NAO,2.5
2022-05-01 05:29,MO05,MOJCKJLTE,MO,2.6
2022-05-01 05:41,OO08,MOJCKJLTE,MO,1.9
2022-05-01 06:07,NAO07,NAOP0J43D5,NAO,2.5
2022-05-01 07:05,EG21,AMH9SDBDW,AM,1.6
2022-05-01 07:29,NAO41,NAO09SKDGI,NAO,2.5
2022-05-01 07:59,OO09,OO1B0Z3NX,OO,2.5
2022-05-01 08:12,EG31,EGC11ERTJ,EG,1.4
2022-05-01 08:25,KO09,KOJDP0LVS,KO,2.05
2022-05-01 08:49,EG31,EGYTJXEPQ,EG,1.4
2022-05-01 08:50,EG33,EG9CHJ755,EG,2.0
2022-05-01 09:00,NAO34,NAOURTP0LZ,NAO,2.5
2022-05-01 09:03,KO04,NOE1V2ISQ,NO,2.95
2022-05-01 09:04,NO05,KOWKTAKPU,KO,3.25
2022-05-01 09:07,KO04,KOIXA11DP,KO,2.95
2022-05-01 09:14,EG29,EGUT0CVS4,EG,1.5
2022-05-01 09:43,MO02,NAOHL1N13J,NAO,1.35
2022-05-01 09:46,OO10,OOQ0OXFQ8,OO,2.5
2022-05-01 09:56,NAO38,NAO5ZJA8DZ,NAO,2.5
2022-05-01 11:01,AM06,KOIXA11DP,KO,3.6
2022-05-01 11:07,MO06,MOV86WZS3,MO,2.6
2022-05-01 11:33,KO04,KONCXLL4Z,KO,2.95
2022-05-01 11:53,EG08,EGVWPVS7H,EG,1.8
2022-05-01 12:10,KO03,NAOHL1N13J,NAO,2.95
2022-05-01 12:49,GE01,GEJA1WJ0T,GE,14.7
2022-05-01 12:53,NAO24,AMLJH75LX,AM,2.5
2022-05-01 13:13,AM01,AMXAJI0Y6,AM,2.0
2022-05-01 13:18,EG10,EG9CHJ755,EG,0.9
2022-05-01 13:19,NAO09,NAO5UQPGB7,NAO,2.5
2022-05-01 13:27,EG21,NAOP0J43D5,NAO,1.6
2022-05-01 13:28,AM08,AMNT3W5UZ,AM,2.8
2022-05-01 14:17,KO03,OO1B0Z3NX,OO,2.95
2022-05-01 14:45,NAO38,NOE1V2ISQ,NO,2.5
2022-05-01 14:51,KO05,KOJDP0LVS,KO,1.9
2022-05-01 15:56,EG04,EGYTJXEPQ,EG,1.2
2022-05-01 16:49,NAO03,EG9CHJ755,EG,2.5
2022-05-01 16:56,NO10,NOX6GVWRD,NO,4.2
2022-05-01 17:04,NAO28,NOE1V2ISQ,NO,2.5
2022-05-01 17:08,NAO37,NAOURTP0LZ,NAO,2.5
2022-05-01 17:15,EG23,NAOURTP0LZ,NAO,1.4
2022-05-01 17:24,NO12,NOQLL8OS9,NO,3.35
2022-05-01 17:32,EG02,EGUT0CVS4,EG,3.0
2022-05-01 17:37,KO02,NAOURTP0LZ,NAO,3.4
2022-05-01 17:43,OO06,OOQ0OXFQ8,OO,3.5
2022-05-01 17:49,MO09,MOV86WZS3,MO,2.7
2022-05-01 17:51,OO06,OO1B0Z3NX,OO,3.5
2022-05-01 17:55,NO08,NORCBPLJD,NO,3.55
2022-05-01 18:14,AM06,NAOBMYOFQE,NAO,3.6
2022-05-01 18:17,EG02,EGVWPVS7H,EG,3.0
2022-05-01 18:28,OO05,OO1B0Z3NX,OO,3.5
2022-05-01 18:28,AM08,NOE1V2ISQ,NO,2.8
2022-05-01 18:43,NAO30,NAOP0J43D5,NAO,2.5
2022-05-01 18:51,NO04,NOX6GVWRD,NO,3.25
2022-05-01 18:53,OO06,KOIXA11DP,KO,3.5
2022-05-01 18:57,KO08,KOJDP0LVS,KO,1.85
2022-05-01 19:13,KO10,KOJDP0LVS,KO,2.05
2022-05-01 19:54,NAO05,NAO5ZJA8DZ,NAO,2.5
2022-05-01 20:09,NAO16,NAOBMYOFQE,NAO,2.5
2022-05-01 20:23,OO10,AMLJH75LX,AM,2.5
2022-05-01 20:27,NO03,NORCBPLJD,NO,3.25
2022-05-01 20:33,OO08,AMNT3W5UZ,AM,1.9
2022-05-01 21:01,EG21,EGF1T2TAL,EG,1.6
2022-05-01 21:14,NAO32,NAOHL1N13J,NAO,2.5
2022-05-01 22:00,MO10,EG9CHJ755,EG,2.7
2022-05-01 22:03,EG38,EGUT0CVS4,EG,1.4
2022-05-01 22:44,AM02,AMXAJI0Y6,AM,2.0
2022-05-01 22:47,NAO39,NAOURTP0LZ,NAO,2.5
2022-05-01 22:47,EG33,EGRHOCN9J,EG,2.0
2022-05-01 22:48,NO06,EGVWPVS7H,EG,3.25
2022-05-01 22:49,EG22,EGRHOCN9J,EG,1.6
2022-05-01 23:10,AM03,AMNT3W5UZ,AM,2.2
2022-05-01 23:59,AM10,AMNT3W5UZ,AM,3.1
2022-05-02 00:04,NAO05,NAO5ZJA8DZ,NAO,2.5
2022-05-02 00:23,AM06,NOXFGCAQV,NO,3.6
2022-05-02 00:44,OO07,OO7PZE9VI,OO,1.9
2022-05-02 01:00,EG16,EGYTJXEPQ,EG,1.2
2022-05-02 01:09,OO10,EGSEIMVIH,EG,2.5
2022-05-02 01:30,NO10,NAOURTP0LZ,NAO,4.2
2022-05-02 01:34,NO10,NOQLL8OS9,NO,4.2
2022-05-02 01:40,EG21,EG9CHJ755,EG,1.6
2022-05-02 02:09,EG05,EGIGQPKI7,EG,1.7
2022-05-02 02:24,EG33,EGRHOCN9J,EG,2.0
2022-05-02 02:34,OO10,EGSEIMVIH,EG,2.5
2022-05-02 02:38,EG34,EGUT0CVS4,EG,2.0
2022-05-02 02:43,OO07,NAONSM43D8,NAO,1.9
2022-05-02 03:05,AM09,KOWM31YIH,KO,3.1
2022-05-02 03:09,AM01,AMLJH75LX,AM,2.0
2022-05-02 03:22,KO03,KONCXLL4Z,KO,2.95
2022-05-02 03:27,MO08,MOJCKJLTE,MO,3.15
2022-05-02 03:37,NAO21,EGIGQPKI7,EG,2.5
2022-05-02 03:42,EG37,EGF1T2TAL,EG,1.4
2022-05-02 03:47,NO01,OOQ0OXFQ8,OO,3.85
2022-05-02 04:38,NO11,NAOURTP0LZ,NAO,3.35
2022-05-02 05:21,OO07,OOQ0OXFQ8,OO,1.9
2022-05-02 05:23,EG17,EGIGQPKI7,EG,2.1
2022-05-02 05:26,EG37,EGIGQPKI7,EG,1.4
2022-05-02 05:38,KO05,KOJDP0LVS,KO,1.9
2022-05-02 05:42,KO02,OOZSJ49IT,OO,3.4
2022-05-02 05:46,OO09,EGRHOCN9J,EG,2.5
2022-05-02 05:56,EG28,EGF1T2TAL,EG,1.4
2022-05-02 06:05,OO01,OOZSJ49IT,OO,2.3
2022-05-02 06:50,AM06,AMXAJI0Y6,AM,3.6
2022-05-02 06:55,NAO14,EG7UR23GD,EG,2.5
2022-05-02 07:13,NAO20,NOQLL8OS9,NO,2.5
2022-05-02 07:19,NO03,NOXFGCAQV,NO,3.25
2022-05-02 07:37,NO14,OO1B0Z3NX,OO,4.15
2022-05-02 07:39,NO12,EG7UR23GD,EG,3.35
2022-05-02 07:45,NO10,NOX6GVWRD,NO,4.2
2022-05-02 08:00,KO01,KOIXA11DP,KO,3.4
2022-05-02 08:12,AM07,AMV3A3ZMF,AM,2.8
2022-05-02 08:53,AM06,AMXAJI0Y6,AM,3.6
2022-05-02 08:56,NO13,EGIGQPKI7,EG,4.15
2022-05-02 09:15,AM08,AMXAJI0Y6,AM,2.8
2022-05-02 09:19,NAO07,NAO09SKDGI,NAO,2.5
2022-05-02 09:20,EG11,EGC11ERTJ,EG,0.5
2022-05-02 09:29,KO10,NO7PTX63C,NO,2.05
2022-05-02 09:35,NO11,NOE1V2ISQ,NO,3.35
2022-05-02 09:36,AM09,NAOVZ41NAM,NAO,3.1
2022-05-02 10:12,EG36,NAONSM43D8,NAO,1.0
2022-05-02 10:19,NAO41,NAOHL1N13J,NAO,2.5
2022-05-02 10:20,AM02,NOQLL8OS9,NO,2.0
2022-05-02 10:29,NAO07,NAO09SKDGI,NAO,2.5
2022-05-02 11:24,OO02,OOQ0OXFQ8,OO,2.3
2022-05-02 11:49,AM05,AMLJH75LX,AM,3.6
2022-05-02 12:12,NAO22,NAO5ZJA8DZ,NAO,2.5
2022-05-02 12:19,EG09,EGIGQPKI7,EG,0.9
2022-05-02 13:02,NO03,AMXAJI0Y6,AM,3.25
2022-05-02 13:25,KO07,KOIXA11DP,KO,1.85
2022-05-02 13:36,OO05,OOZSJ49IT,OO,3.5
2022-05-02 13:46,NAO01,NAONSM43D8,NAO,2.5
2022-05-02 14:00,NO05,AMNT3W5UZ,AM,3.25
2022-05-02 14:26,NO05,NO7PTX63C,NO,3.25
2022-05-02 14:33,EG30,EG9CHJ755,EG,1.5
2022-05-02 14:43,EG06,EG9CHJ755,EG,1.7
2022-05-02 15:08,EG28,EGF1T2TAL,EG,1.4
2022-05-02 15:13,NAO25,NAO09SKDGI,NAO,2.5
2022-05-02 15:16,NO05,AMNT3W5UZ,AM,3.25
2022-05-02 15:17,OO08,OOZSJ49IT,OO,1.9
2022-05-02 15:23,OO02,OO1B0Z3NX,OO,2.3
2022-05-02 15:24,EG20,NAOBMYOFQE,NAO,1.4
2022-05-02 15:45,OO05,NO7PTX63C,NO,3.5
2022-05-02 15:49,AM05,NAONSM43D8,NAO,3.6
2022-05-02 15:52,AM04,NAOHL1N13J,NAO,2.2
2022-05-02 16:02,KO09,NAO5ZJA8DZ,NAO,2.05
2022-05-02 16:20,NO09,NAOBMYOFQE,NAO,4.2
2022-05-02 17:08,NAO12,AMXAJI0Y6,AM,2.5
2022-05-02 17:20,EG14,KOWKTAKPU,KO,1.2
2022-05-02 17:26,OO08,OO3KKV9RF,OO,1.9
2022-05-02 17:38,OO04,OO3KKV9RF,OO,2.4
2022-05-02 17:59,KO02,NAOLY8OZCY,NAO,3.4
2022-05-02 18:24,NO10,NOQLL8OS9,NO,4.2
2022-05-02 20:00,AM04,EGYTJXEPQ,EG,2.2
2022-05-02 20:16,NO14,NO7PTX63C,NO,4.15
2022-05-02 20:25,AM03,AMH9SDBDW,AM,2.2
2022-05-02 20:42,EG01,EG9CHJ755,EG,3.0
2022-05-02 21:58,MO02,NAOHL1N13J,NAO,1.35
2022-05-02 22:30,NAO05,EGUT0CVS4,EG,2.5
2022-05-02 22:36,AM05,AMLJH75LX,AM,3.6
2022-05-02 22:48,AM02,AMNT3W5UZ,AM,2.0
2022-05-02 23:12,AM05,AMHJ7XVG0,AM,3.6
2022-05-03 00:17,OO04,OO7PZE9VI,OO,2.4
2022-05-03 00:51,EG31,NOE1V2ISQ,NO,1.4
2022-05-03 01:00,EG02,NAONSM43D8,NAO,3.0
2022-05-03 01:10,KO10,KONCXLL4Z,KO,2.05
2022-05-03 01:18,NO14,OO1B0Z3NX,OO,4.15
2022-05-03 01:39,EG33,EGRHOCN9J,EG,2.0
2022-05-03 02:06,NAO30,NAONSM43D8,NAO,2.5
2022-05-03 02:10,AM03,EGSEIMVIH,EG,2.2
2022-05-03 02:13,NO06,NORCBPLJD,NO,3.25
2022-05-03 02:29,EG33,EGYTJXEPQ,EG,2.0
2022-05-03 02:49,NO05,NORCBPLJD,NO,3.25
2022-05-03 03:27,NAO37,NAOHL1N13J,NAO,2.5
2022-05-03 03:29,KO09,KOWM31YIH,KO,2.05
2022-05-03 03:36,EG38,AMLJH75LX,AM,1.4
2022-05-03 03:55,NO01,NOE1V2ISQ,NO,3.85
2022-05-03 03:56,EG36,NAONSM43D8,NAO,1.0
2022-05-03 04:10,AM05,KONCXLL4Z,KO,3.6
2022-05-03 04:17,EG10,EGIGQPKI7,EG,0.9
2022-05-03 04:23,NAO39,NAOURTP0LZ,NAO,2.5
2022-05-03 04:27,AM03,AMNT3W5UZ,AM,2.2
2022-05-03 04:42,OO03,EGUT0CVS4,EG,2.4
2022-05-03 05:23,NAO21,NAOHAFEYUH,NAO,2.5
2022-05-03 06:23,EG09,EGSEIMVIH,EG,0.9
2022-05-03 06:39,EG34,NAOBMYOFQE,NAO,2.0
2022-05-03 06:39,EG02,EGUT0CVS4,EG,3.0
2022-05-03 07:06,AM06,AMNT3W5UZ,AM,3.6
2022-05-03 07:07,NO12,AMXAJI0Y6,AM,3.35
2022-05-03 07:15,NAO25,OO3KKV9RF,OO,2.5
2022-05-03 08:19,AM01,AMHJ7XVG0,AM,2.0
2022-05-03 08:22,EG28,EGF1T2TAL,EG,1.4
2022-05-03 09:00,EG38,EG7UR23GD,EG,1.4
2022-05-03 09:26,EG10,EGSEIMVIH,EG,0.9
2022-05-03 10:09,EG23,NAOURTP0LZ,NAO,1.4
2022-05-03 10:09,NAO08,NAOURTP0LZ,NAO,2.5
2022-05-03 10:31,OO10,OOQ0OXFQ8,OO,2.5
2022-05-03 10:40,EG29,EGSEIMVIH,EG,1.5
2022-05-03 11:00,OO01,NORCBPLJD,NO,2.3
2022-05-03 11:04,AM10,AMV3A3ZMF,AM,3.1
2022-05-03 11:54,NAO10,EGSEIMVIH,EG,2.5
2022-05-03 12:45,NAO18,NOXFGCAQV,NO,2.5
2022-05-03 12:57,OO09,NAOURTP0LZ,NAO,2.5
2022-05-03 13:05,NO07,AMV3A3ZMF,AM,3.55
2022-05-03 14:10,KO02,KOWM31YIH,KO,3.4
2022-05-03 14:34,OO09,OO1B0Z3NX,OO,2.5
2022-05-03 14:50,GE02,NOXFGCAQV,NO,14.7
2022-05-03 14:51,NAO40,NAOHL1N13J,NAO,2.5
2022-05-03 15:01,OO08,OOZSJ49IT,OO,1.9
2022-05-03 15:11,AM09,OO3KKV9RF,OO,3.1
2022-05-03 15:17,EG24,EGIGQPKI7,EG,1.4
2022-05-03 15:21,NAO37,NAOBMYOFQE,NAO,2.5
2022-05-03 15:42,OO10,OOQ0OXFQ8,OO,2.5
2022-05-03 16:17,KO09,EGC11ERTJ,EG,2.05
2022-05-03 17:29,OO03,KOWM31YIH,KO,2.4
2022-05-03 17:46,AM02,NO7PTX63C,NO,2.0
2022-05-03 18:21,NAO35,NAO09SKDGI,NAO,2.5
2022-05-03 18:22,AM10,AMHJ7XVG0,AM,3.1
2022-05-03 18:32,NAO32,NORCBPLJD,NO,2.5
2022-05-03 19:29,EG06,EGC11ERTJ,EG,1.7
2022-05-03 19:51,OO08,AMNT3W5UZ,AM,1.9
2022-05-03 19:53,NO07,NOE1V2ISQ,NO,3.55
2022-05-03 20:06,EG14,OO3KKV9RF,OO,1.2
2022-05-03 21:27,NO11,NAOURTP0LZ,NAO,3.35
2022-05-03 21:31,NAO15,OO3KKV9RF,OO,2.5
2022-05-03 21:36,NAO35,NAOBMYOFQE,NAO,2.5
2022-05-03 21:44,KO03,KOWKTAKPU,KO,2.95
2022-05-03 21:55,EG21,AMH9SDBDW,AM,1.6
2022-05-03 21:57,EG33,EGIGQPKI7,EG,2.0
2022-05-03 22:03,NO03,NOXFGCAQV,NO,3.25
2022-05-03 22:06,NO10,NOX6GVWRD,NO,4.2
2022-05-03 22:19,NO04,NOX6GVWRD,NO,3.25
2022-05-03 22:55,NO01,NOXFGCAQV,NO,3.85
2022-05-03 23:15,NO02,EGC11ERTJ,EG,3.85
2022-05-03 23:16,NO08,NOQLL8OS9,NO,3.55
2022-05-03 23:26,NO06,NOXFGCAQV,NO,3.25
2022-05-04 00:00,NO01,NOX6GVWRD,NO,3.85
2022-05-04 00:46,OO02,NOQLL8OS9,NO,2.3
2022-05-04 02:02,NAO09,EGRHOCN9J,EG,2.5
2022-05-04 02:05,NO13,NAO5ZJA8DZ,NAO,4.15
2022-05-04 02:22,KO05,KOJDP0LVS,KO,1.9
2022-05-04 02:44,NAO23,NAONSM43D8,NAO,2.5
2022-05-04 02:44,EG12,EGF1T2TAL,EG,0.5
2022-05-04 03:06,MO03,MOJCKJLTE,MO,2.1
2022-05-04 03:23,KO03,AMNT3W5UZ,AM,2.95
2022-05-04 03:41,NAO22,NAOVZ41NAM,NAO,2.5
2022-05-04 03:46,OO10,OOZSJ49IT,OO,2.5
2022-05-04 04:36,EG25,NAOHL1N13J,NAO,1.8
2022-05-04 05:17,NAO12,NAOBMYOFQE,NAO,2.5
2022-05-04 05:53,KO09,KONCXLL4Z,KO,2.05
2022-05-04 05:56,MO11,NO7PTX63C,NO,2.05
2022-05-04 06:28,NAO03,KOJDP0LVS,KO,2.5
2022-05-04 06:47,OO03,NAOLY8OZCY,NAO,2.4
2022-05-04 07:10,OO09,EGRHOCN9J,EG,2.5
2022-05-04 07:48,EG19,EGF1T2TAL,EG,1.4
2022-05-04 08:33,AM02,EGVWPVS7H,EG,2.0
2022-05-04 09:06,NAO01,NAOLY8OZCY,NAO,2.5
2022-05-04 10:02,AM05,AMH9SDBDW,AM,3.6
2022-05-04 10:14,OO02,NAOURTP0LZ,NAO,2.3
2022-05-04 10:29,KO05,KOWKTAKPU,KO,1.9
2022-05-04 10:38,OO08,OOZSJ49IT,OO,1.9
2022-05-04 10:41,AM08,OOZSJ49IT,OO,2.8
2022-05-04 11:12,OO02,NOQLL8OS9,NO,2.3
2022-05-04 11:43,NO07,NO7PTX63C,NO,3.55
2022-05-04 11:52,EG06,EGUT0CVS4,EG,1.7
2022-05-04 12:18,AM10,AMV3A3ZMF,AM,3.1
2022-05-04 12:26,EG16,EGIGQPKI7,EG,1.2
2022-05-04 12:37,NAO26,NAOHAFEYUH,NAO,2.5
2022-05-04 12:38,NAO21,NAOLY8OZCY,NAO,2.5
2022-05-04 12:44,AM05,AMLJH75LX,AM,3.6
2022-05-04 13:11,NO02,NO7PTX63C,NO,3.85
2022-05-04 13:28,EG33,EGYTJXEPQ,EG,2.0
2022-05-04 14:04,NAO30,NAOHAFEYUH,NAO,2.5
2022-05-04 14:04,KO04,KONCXLL4Z,KO,2.95
2022-05-04 14:26,OO04,OOZSJ49IT,OO,2.4
2022-05-04 14:30,NO11,NOXFGCAQV,NO,3.35
2022-05-04 14:47,EG34,EGVWPVS7H,EG,2.0
2022-05-04 14:56,NO10,NOXFGCAQV,NO,4.2
2022-05-04 15:01,OO07,OO7PZE9VI,OO,1.9
2022-05-04 15:55,NAO26,KOJDP0LVS,KO,2.5
2022-05-04 16:34,KO06,AMHJ7XVG0,AM,1.9
2022-05-04 16:59,NAO08,NAOURTP0LZ,NAO,2.5
2022-05-04 17:24,NO06,NO7PTX63C,NO,3.25
2022-05-04 18:25,MO11,NO7PTX63C,NO,2.05
2022-05-04 18:25,OO02,NAO09SKDGI,NAO,2.3
2022-05-04 20:15,OO03,OO1B0Z3NX,OO,2.4
2022-05-04 20:40,EG21,EG9CHJ755,EG,1.6
2022-05-04 20:59,NO10,NOX6GVWRD,NO,4.2
2022-05-04 21:05,EG38,GEL6246HI,GE,1.4
2022-05-04 21:09,NAO04,NAO5UQPGB7,NAO,2.5
2022-05-04 21:15,NO07,AMV3A3ZMF,AM,3.55
2022-05-04 21:46,OO08,OO1B0Z3NX,OO,1.9
2022-05-04 21:49,NAO32,NAOLY8OZCY,NAO,2.5
2022-05-04 22:18,NAO34,NOXFGCAQV,NO,2.5
2022-05-04 22:47,OO02,NOQLL8OS9,NO,2.3
2022-05-04 22:58,EG13,EGUT0CVS4,EG,1.2
2022-05-04 23:20,AM04,AMLJH75LX,AM,2.2
2022-05-04 23:23,OO07,OO3KKV9RF,OO,1.9
2022-05-04 23:38,OO03,NAOLY8OZCY,NAO,2.4
2022-05-04 23:44,MO08,MOJCKJLTE,MO,3.15
2022-05-05 00:19,KO02,EGIGQPKI7,EG,3.4
2022-05-05 00:24,EG10,EGVWPVS7H,EG,0.9
2022-05-05 00:48,AM05,AMHJ7XVG0,AM,3.6
2022-05-05 01:03,NAO07,NAOP0J43D5,NAO,2.5
2022-05-05 01:39,OO06,OO1B0Z3NX,OO,3.5
2022-05-05 01:48,EG26,AMHJ7XVG0,AM,1.8
2022-05-05 02:01,NAO22,NAOHL1N13J,NAO,2.5
2022-05-05 02:25,NAO27,NAO5UQPGB7,NAO,2.5
2022-05-05 02:32,AM06,AMXAJI0Y6,AM,3.6
2022-05-05 02:41,MO09,MOV86WZS3,MO,2.7
2022-05-05 03:27,NO09,NOE1V2ISQ,NO,4.2
2022-05-05 03:41,NAO21,NAO5UQPGB7,NAO,2.5
2022-05-05 03:58,KO08,KOWM31YIH,KO,1.85
2022-05-05 04:25,OO05,EG9CHJ755,EG,3.5
2022-05-05 04:33,AM03,AMH9SDBDW,AM,2.2
2022-05-05 04:35,OO01,OOZSJ49IT,OO,2.3
2022-05-05 05:01,AM05,AMH9SDBDW,AM,3.6
2022-05-05 05:36,OO01,OO1B0Z3NX,OO,2.3
2022-05-05 06:24,NAO40,NAOHL1N13J,NAO,2.5
2022-05-05 06:33,NO09,EGRHOCN9J,EG,4.2
2022-05-05 06:41,MO02,MOV86WZS3,MO,1.35
2022-05-05 07:33,OO03,OOZSJ49IT,OO,2.4
2022-05-05 07:41,OO06,OOQ0OXFQ8,OO,3.5
2022-05-05 07:45,EG11,EG9CHJ755,EG,0.5
2022-05-05 07:46,OO08,OO1B0Z3NX,OO,1.9
2022-05-05 07:51,NAO30,NAOHAFEYUH,NAO,2.5
2022-05-05 08:29,NAO08,NAOVZ41NAM,NAO,2.5
2022-05-05 08:51,KO01,KOIXA11DP,KO,3.4
2022-05-05 10:53,NAO36,AMHJ7XVG0,AM,2.5
2022-05-05 10:56,NO10,OOQ0OXFQ8,OO,4.2
2022-05-05 11:11,MO10,EG7UR23GD,EG,2.7
2022-05-05 12:04,NAO01,NAONSM43D8,NAO,2.5
2022-05-05 12:14,EG36,NOE1V2ISQ,NO,1.0
2022-05-05 12:22,NO04,NOX6GVWRD,NO,3.25
2022-05-05 12:27,OO05,EG9CHJ755,EG,3.5
2022-05-05 12:28,AM10,NAO5ZJA8DZ,NAO,3.1
2022-05-05 12:56,KO02,AMXAJI0Y6,AM,3.4
2022-05-05 13:08,NAO29,OOZSJ49IT,OO,2.5
2022-05-05 13:46,NAO19,NAOHAFEYUH,NAO,2.5
2022-05-05 14:28,AM01,AMH9SDBDW,AM,2.0
2022-05-05 14:33,NAO25,OO3KKV9RF,OO,2.5
2022-05-05 14:49,OO08,OO3KKV9RF,OO,1.9
2022-05-05 16:30,MO04,MOJCKJLTE,MO,2.1
2022-05-05 16:34,GE01,GEJA1WJ0T,GE,14.7
2022-05-05 16:59,NAO10,EGSEIMVIH,EG,2.5
2022-05-05 17:30,NO02,NOXFGCAQV,NO,3.85
2022-05-05 18:06,NAO36,AMHJ7XVG0,AM,2.5
2022-05-05 18:10,AM04,AMH9SDBDW,AM,2.2
2022-05-05 18:22,NO12,NOXFGCAQV,NO,3.35
2022-05-05 18:22,OO05,OOZSJ49IT,OO,3.5
2022-05-05 18:35,KO01,OO3KKV9RF,OO,3.4
2022-05-05 18:37,EG13,EGYTJXEPQ,EG,1.2
2022-05-05 18:50,KO10,KOWKTAKPU,KO,2.05
2022-05-05 19:17,AM05,NAONSM43D8,NAO,3.6
2022-05-05 19:19,KO09,KONCXLL4Z,KO,2.05
2022-05-05 19:33,MO01,NO7PTX63C,NO,1.35
2022-05-05 20:41,NAO37,AMNT3W5UZ,AM,2.5
2022-05-05 21:00,OO09,OO1B0Z3NX,OO,2.5
2022-05-05 21:02,EG21,EGYTJXEPQ,EG,1.6
2022-05-05 21:21,KO10,KOIXA11DP,KO,2.05
2022-05-05 21:24,KO10,KOJDP0LVS,KO,2.05
2022-05-05 22:11,NO01,NORCBPLJD,NO,3.85
2022-05-05 22:51,NAO10,EGSEIMVIH,EG,2.5
2022-05-05 23:09,MO08,MOV86WZS3,MO,3.15
2022-05-05 23:20,OO03,KOWM31YIH,KO,2.4
2022-05-05 23:39,KO04,NOE1V2ISQ,NO,2.95
2022-05-05 23:54,NO01,NO7PTX63C,NO,3.85
2022-05-06 00:14,AM04,AMNT3W5UZ,AM,2.2
2022-05-06 00:16,NAO11,NAO5UQPGB7,NAO,2.5
2022-05-06 00:18,EG15,NOXFGCAQV,NO,1.2
2022-05-06 00:27,AM10,EGRHOCN9J,EG,3.1
2022-05-06 00:37,OO01,OOZSJ49IT,OO,2.3
2022-05-06 00:46,EG06,NAOBMYOFQE,NAO,1.7
2022-05-06 00:55,NO06,NO7PTX63C,NO,3.25
2022-05-06 01:05,GE01,NAOBMYOFQE,NAO,14.7
2022-05-06 01:05,GE02,OO3KKV9RF,OO,14.7
2022-05-06 01:26,NO06,AMHJ7XVG0,AM,3.25
2022-05-06 01:44,OO06,NO7PTX63C,NO,3.5
2022-05-06 01:48,NO11,NOQLL8OS9,NO,3.35
2022-05-06 02:11,NAO15,NOE1V2ISQ,NO,2.5
2022-05-06 02:36,NAO25,OO3KKV9RF,OO,2.5
2022-05-06 02:50,NAO07,AMNT3W5UZ,AM,2.5
2022-05-06 03:37,NAO03,EG9CHJ755,EG,2.5
2022-05-06 03:43,NO02,NOX6GVWRD,NO,3.85
2022-05-06 04:18,NAO40,NAOHL1N13J,NAO,2.5
2022-05-06 04:24,EG11,OO1B0Z3NX,OO,0.5
2022-05-06 04:32,NO09,NORCBPLJD,NO,4.2
2022-05-06 04:49,EG19,NAOBMYOFQE,NAO,1.4
2022-05-06 05:52,KO10,KOJDP0LVS,KO,2.05
2022-05-06 05:55,KO07,EGC11ERTJ,EG,1.85
2022-05-06 06:26,OO01,EGYTJXEPQ,EG,2.3
2022-05-06 06:47,KO03,NAOHL1N13J,NAO,2.95
2022-05-06 07:21,EG36,NAONSM43D8,NAO,1.0
2022-05-06 08:14,AM03,AMXAJI0Y6,AM,2.2
2022-05-06 08:22,EG06,EGVWPVS7H,EG,1.7
2022-05-06 08:26,KO02,NAOURTP0LZ,NAO,3.4
2022-05-06 08:29,NAO34,MOV86WZS3,MO,2.5
2022-05-06 09:04,NAO10,NAOHAFEYUH,NAO,2.5
2022-05-06 09:06,AM01,AMNT3W5UZ,AM,2.0
2022-05-06 09:31,EG28,EG9CHJ755,EG,1.4
2022-05-06 09:34,KO04,KOIXA11DP,KO,2.95
2022-05-06 09:37,OO04,OOZSJ49IT,OO,2.4
2022-05-06 10:17,NAO15,NAOBMYOFQE,NAO,2.5
2022-05-06 10:54,MO04,MOV86WZS3,MO,2.1
2022-05-06 11:15,NAO07,NAOURTP0LZ,NAO,2.5
2022-05-06 11:24,AM08,NOE1V2ISQ,NO,2.8
2022-05-06 12:14,GE02,GE5A0L725,GE,14.7
2022-05-06 12:46,NO10,KOIXA11DP,KO,4.2
2022-05-06 13:00,AM08,AMHJ7XVG0,AM,2.8
2022-05-06 13:14,AM03,MOJCKJLTE,MO,2.2
2022-05-06 13:18,EG36,EGUT0CVS4,EG,1.0
2022-05-06 13:27,NAO22,NAOLY8OZCY,NAO,2.5
2022-05-06 14:04,AM09,KOWM31YIH,KO,3.1
2022-05-06 14:42,KO04,KOWKTAKPU,KO,2.95
2022-05-06 14:56,OO04,OOZSJ49IT,OO,2.4
2022-05-06 15:09,OO05,OOZSJ49IT,OO,3.5
2022-05-06 15:14,AM01,AMNT3W5UZ,AM,2.0
2022-05-06 15:30,NAO30,EGUT0CVS4,EG,2.5
2022-05-06 16:26,NO14,OO1B0Z3NX,OO,4.15
2022-05-06 17:45,EG37,EGVWPVS7H,EG,1.4
2022-05-06 17:48,KO05,EGVWPVS7H,EG,1.9
2022-05-06 17:55,EG19,EGF1T2TAL,EG,1.4
2022-05-06 17:58,GE02,GE2IAGL58,GE,14.7
2022-05-06 18:03,AM08,AMXAJI0Y6,AM,2.8
2022-05-06 18:10,OO04,NAOVZ41NAM,NAO,2.4
2022-05-06 18:11,AM06,AMLJH75LX,AM,3.6
2022-05-06 18:46,EG01,EG9CHJ755,EG,3.0
2022-05-06 18:49,NAO39,NAOURTP0LZ,NAO,2.5
2022-05-06 20:16,EG05,EG7UR23GD,EG,1.7
2022-05-06 20:23,AM10,AMHJ7XVG0,AM,3.1
2022-05-06 21:09,EG06,EGUT0CVS4,EG,1.7
2022-05-06 21:16,OO09,NAOURTP0LZ,NAO,2.5
2022-05-06 21:18,EG09,NAOP0J43D5,NAO,0.9
2022-05-06 21:33,NAO20,AMH9SDBDW,AM,2.5
2022-05-06 21:43,NO08,NORCBPLJD,NO,3.55
2022-05-06 21:52,OO09,EGRHOCN9J,EG,2.5
2022-05-06 22:14,KO09,EGUT0CVS4,EG,2.05
2022-05-06 22:24,NAO27,NAO5UQPGB7,NAO,2.5
2022-05-06 22:53,AM09,NAOVZ41NAM,NAO,3.1
2022-05-06 23:25,NAO03,KOIXA11DP,KO,2.5
2022-05-06 23:31,MO05,MOJCKJLTE,MO,2.6
2022-05-07 00:04,EG33,EG9CHJ755,EG,2.0
2022-05-07 00:33,NAO37,NAOBMYOFQE,NAO,2.5
2022-05-07 01:03,EG31,NAOURTP0LZ,NAO,1.4
2022-05-07 01:22,GE01,GEX7EEDTJ,GE,14.7
2022-05-07 01:36,EG25,EGVWPVS7H,EG,1.8
2022-05-07 01:44,NO07,OOQ0OXFQ8,OO,3.55
2022-05-07 01:55,NAO23,NAOHL1N13J,NAO,2.5
2022-05-07 03:09,NAO29,OOZSJ49IT,OO,2.5
2022-05-07 03:43,EG30,EG7UR23GD,EG,1.5
2022-05-07 04:07,EG06,OOQ0OXFQ8,OO,1.7
2022-05-07 04:09,KO03,KONCXLL4Z,KO,2.95
2022-05-07 04:53,NO07,NO7PTX63C,NO,3.55
2022-05-07 04:54,MO09,AMV3A3ZMF,AM,2.7
2022-05-07 04:58,NAO26,NAOLY8OZCY,NAO,2.5
2022-05-07 05:33,NAO39,NAOP0J43D5,NAO,2.5
2022-05-07 05:41,NAO10,NAOHAFEYUH,NAO,2.5
2022-05-07 06:14,AM04,NAOHL1N13J,NAO,2.2
2022-05-07 06:45,AM03,AMNT3W5UZ,AM,2.2
2022-05-07 07:22,OO09,OO1B0Z3NX,OO,2.5
2022-05-07 08:19,NAO24,NAO5ZJA8DZ,NAO,2.5
2022-05-07 08:56,NAO20,AMH9SDBDW,AM,2.5
2022-05-07 09:13,NO13,EGIGQPKI7,EG,4.15
2022-05-07 09:18,EG20,NAOBMYOFQE,NAO,1.4
2022-05-07 09:20,KO07,AMXAJI0Y6,AM,1.85
2022-05-07 09:44,OO04,OO7PZE9VI,OO,2.4
2022-05-07 11:07,EG19,EGYTJXEPQ,EG,1.4
2022-05-07 11:47,OO05,AMHJ7XVG0,AM,3.5
2022-05-07 11:49,NAO03,NAOLY8OZCY,NAO,2.5
2022-05-07 12:23,OO06,EG9CHJ755,EG,3.5
2022-05-07 12:44,NO02,NORCBPLJD,NO,3.85
2022-05-07 12:50,OO01,OO7PZE9VI,OO,2.3
2022-05-07 13:36,AM03,AMH9SDBDW,AM,2.2
2022-05-07 14:17,AM05,AMXAJI0Y6,AM,3.6
2022-05-07 15:03,EG18,EGIGQPKI7,EG,2.1
2022-05-07 15:35,EG19,EGIGQPKI7,EG,1.4
2022-05-07 16:27,NO07,EGF1T2TAL,EG,3.55
2022-05-07 16:49,NO12,AMXAJI0Y6,AM,3.35
2022-05-07 16:49,KO02,KOWM31YIH,KO,3.4
2022-05-07 17:06,NAO37,NAOHL1N13J,NAO,2.5
2022-05-07 17:08,MO12,AMH9SDBDW,AM,2.05
2022-05-07 17:36,AM10,AMV3A3ZMF,AM,3.1
2022-05-07 17:46,EG32,NAOBMYOFQE,NAO,1.4
2022-05-07 17:59,OO05,AMHJ7XVG0,AM,3.5
2022-05-07 18:03,NAO37,NAOURTP0LZ,NAO,2.5
2022-05-07 18:23,EG07,EGSEIMVIH,EG,1.8
2022-05-07 18:49,OO05,OO3KKV9RF,OO,3.5
2022-05-07 18:59,EG14,AMH9SDBDW,AM,1.2
2022-05-07 19:21,EG08,EG7UR23GD,EG,1.8
2022-05-07 19:49,NO06,NOE1V2ISQ,NO,3.25
2022-05-07 20:13,OO05,OOZSJ49IT,OO,3.5
2022-05-07 20:40,KO03,KOWM31YIH,KO,2.95
2022-05-07 22:05,KO03,KOJDP0LVS,KO,2.95
2022-05-07 23:23,NAO15,NAOBMYOFQE,NAO,2.5
2022-05-07 23:38,NO05,NOX6GVWRD,NO,3.25
2022-05-08 00:20,EG34,AMLJH75LX,AM,2.0
2022-05-08 00:22,KO10,KOWM31YIH,KO,2.05
2022-05-08 00:24,NAO11,NAOLY8OZCY,NAO,2.5
2022-05-08 00:53,OO01,AMLJH75LX,AM,2.3
2022-05-08 01:22,EG05,EGIGQPKI7,EG,1.7
2022-05-08 01:56,EG37,NOE1V2ISQ,NO,1.4
2022-05-08 01:59,MO10,MOV86WZS3,MO,2.7
2022-05-08 02:18,NO03,NOXFGCAQV,NO,3.25
2022-05-08 02:27,EG10,EGVWPVS7H,EG,0.9
2022-05-08 03:01,AM09,NOQLL8OS9,NO,3.1
2022-05-08 03:52,NAO01,NAONSM43D8,NAO,2.5
2022-05-08 04:16,NAO25,OO3KKV9RF,OO,2.5
2022-05-08 04:22,NO05,NOQLL8OS9,NO,3.25
2022-05-08 04:28,NO10,AMV3A3ZMF,AM,4.2
2022-05-08 04:53,KO02,EGYTJXEPQ,EG,3.4
2022-05-08 04:55,KO10,KOIXA11DP,KO,2.05
2022-05-08 05:51,MO10,MOJCKJLTE,MO,2.7
2022-05-08 06:19,NO04,NOQLL8OS9,NO,3.25
2022-05-08 06:39,KO04,KOIXA11DP,KO,2.95
2022-05-08 06:39,OO06,OOQ0OXFQ8,OO,3.5
2022-05-08 06:42,NO07,NAO09SKDGI,NAO,3.55
2022-05-08 06:43,EG02,EGIGQPKI7,EG,3.0
2022-05-08 07:17,NAO32,NAOP0J43D5,NAO,2.5
2022-05-08 07:18,EG21,AMXAJI0Y6,AM,1.6
2022-05-08 07:38,OO03,OOQ0OXFQ8,OO,2.4
2022-05-08 08:00,OO10,OOQ0OXFQ8,OO,2.5
2022-05-08 08:02,AM06,EG7UR23GD,EG,3.6
2022-05-08 08:39,OO02,NAOURTP0LZ,NAO,2.3
2022-05-08 08:42,KO06,KONCXLL4Z,KO,1.9
2022-05-08 08:49,NO09,NAOHL1N13J,NAO,4.2
2022-05-08 08:53,AM02,EGRHOCN9J,EG,2.0
2022-05-08 09:07,EG05,EG7UR23GD,EG,1.7
2022-05-08 10:42,NAO36,NAO5UQPGB7,NAO,2.5
2022-05-08 10:47,AM01,AMHJ7XVG0,AM,2.0
2022-05-08 10:49,OO07,OOQ0OXFQ8,OO,1.9
2022-05-08 11:02,NO02,NOXFGCAQV,NO,3.85
2022-05-08 11:06,OO07,OO7PZE9VI,OO,1.9
2022-05-08 11:09,KO01,NOXFGCAQV,NO,3.4
2022-05-08 11:19,EG15,EGVWPVS7H,EG,1.2
2022-05-08 11:22,NAO34,NOXFGCAQV,NO,2.5
2022-05-08 11:24,AM10,EGRHOCN9J,EG,3.1
2022-05-08 11:56,AM10,AMXAJI0Y6,AM,3.1
2022-05-08 12:12,NAO39,AMXAJI0Y6,AM,2.5
2022-05-08 12:26,EG24,EGSEIMVIH,EG,1.4
2022-05-08 12:28,NO07,NOE1V2ISQ,NO,3.55
2022-05-08 12:28,NAO09,EGRHOCN9J,EG,2.5
2022-05-08 13:30,EG29,EGC11ERTJ,EG,1.5
2022-05-08 14:15,NAO39,NAOP0J43D5,NAO,2.5
2022-05-08 14:39,NAO03,EGF1T2TAL,EG,2.5
2022-05-08 15:05,KO10,KONCXLL4Z,KO,2.05
2022-05-08 15:12,EG29,EG7UR23GD,EG,1.5
2022-05-08 15:25,OO06,OO1B0Z3NX,OO,3.5
2022-05-08 15:28,KO09,KOIXA11DP,KO,2.05
2022-05-08 15:45,NAO21,NAO5ZJA8DZ,NAO,2.5
2022-05-08 15:52,EG26,AMHJ7XVG0,AM,1.8
